[
    {
        "chatId": "P-0c039287-80a8-4f35-9f6c-8b5067b6ee62",
"messageId": "ea407d10bd1d42cab9f126c8b83da38d",
"name": "961922",
"text": "Hello",
"timeStamp": "1558930519",
"type": "received" 
    },{
        "chatId": "P-0c039287-80a8-4f35-9f6c-8b5067b6ee62",
"messageId": "eb407d10bd1d42cab9f126c8b83da38d",
"name": "961922",
"text": "Good~~",
"timeStamp": "1558930521",
"type": "received" 
    },
    {"chatId": "P-0c039287-80a8-4f35-9f6c-8b5067b6ee62",
"messageId": "da581a51500543da978e9744a992f14d",
"name": "970923",
"header":"header 123",
"textHeader":"textheader 123",
"textFooter":"textfooter 123",
"footer":"footer 123",
"text": "YA~YA~123",
"timeStamp": "1558930534",
"type": "sent"}
]